﻿<parameters>
  <parameter name="IIS Web Application Name" defaultValue="Default Web Site/Security" tags="IisApp">
    <parameterEntry kind="ProviderPath" scope="IisApp" match="^E:\\VS2017Projects\\CityEngineering\\src\\Security\\SecurityHost\\obj\\Release\\Package\\PackageTmp$" />
    <parameterEntry kind="ProviderPath" scope="setAcl" match="^E:\\VS2017Projects\\CityEngineering\\src\\Security\\SecurityHost\\obj\\Release\\Package\\PackageTmp$" />
  </parameter>
  <parameter name="IdentityDevEnvEntities-Web.config Connection String" defaultValue="metadata=res://*/IdentityModel.csdl|res://*/IdentityModel.ssdl|res://*/IdentityModel.msl;provider=System.Data.SqlClient;provider connection string=&quot;data source=tugelatechdbinstance.cowtrx3rlueo.us-east-1.rds.amazonaws.com,1433;initial catalog=IdentityDevEnv;user id=tugeladev;password=tugeladev;MultipleActiveResultSets=True;App=EntityFramework&quot;">
    <parameterEntry kind="XmlFile" scope="E:\\VS2017Projects\\CityEngineering\\src\\Security\\SecurityHost\\obj\\Release\\Package\\PackageTmp\\Web\.config$" match="/configuration/connectionStrings/add[@name='IdentityDevEnvEntities']/@connectionString" />
  </parameter>
  <parameter name="MainDevEnvEntities-Web.config Connection String" defaultValue="metadata=res://*/MainModel.csdl|res://*/MainModel.ssdl|res://*/MainModel.msl;provider=System.Data.SqlClient;provider connection string=&quot;data source=tugelatechdbinstance.cowtrx3rlueo.us-east-1.rds.amazonaws.com,1433;initial catalog=MainDevEnv;user id=tugeladev;password=tugeladev;MultipleActiveResultSets=True;App=EntityFramework&quot;">
    <parameterEntry kind="XmlFile" scope="E:\\VS2017Projects\\CityEngineering\\src\\Security\\SecurityHost\\obj\\Release\\Package\\PackageTmp\\Web\.config$" match="/configuration/connectionStrings/add[@name='MainDevEnvEntities']/@connectionString" />
  </parameter>
</parameters>